injerr,method,penalty_weight,threshold_db,snr_samples,violation_count,violation_prob,violation_percent,q05_snr_db,q05_distance,mean_snr_db,sumrate_samples,mean_sumrate,median_sumrate,metrics_path
0.075,REG,100.0,15,5000000,164119,0.0328238,3.28238,15.432990837097169,0.4329908370971687,19.012225608993628,5000000,9.283419609069824,9.491581916809082,"MLP\M6_Ris40_K2\THR_15db_punish_(100, 0.005, 250.0)\N0_1e-10_INJERR_0.075_TXpower_1.0\eval_figures\four_values_metrics_test_L50_C500_INJ200.npz"
0.075,REG,150.0,15,5000000,185027,0.0370054,3.70054,15.304533004760742,0.3045330047607422,18.794310123647,5000000,9.516263008117676,9.681184768676758,"MLP\M6_Ris40_K2\THR_15db_punish_(150.0, 1.0, 250.0)\N0_1e-10_INJERR_0.075_TXpower_1.0\eval_figures\four_values_metrics_test_L50_C500_INJ200.npz"
0.075,REG,200.0,15,5000000,154488,0.0308976,3.08976,15.488792181015015,0.48879218101501465,18.978832802460254,5000000,9.359240531921387,9.559448719024658,"MLP\M6_Ris40_K2\THR_15db_punish_(200.0, 0.5, 250.0)\N0_1e-10_INJERR_0.075_TXpower_1.0\eval_figures\four_values_metrics_test_L50_C500_INJ200.npz"
0.075,ROB,0.5,15,5000000,140934,0.0281868,2.81868,15.523415565490723,0.5234155654907227,18.649498220188857,5000000,9.798927307128906,9.923303604125977,"MLP\M6_Ris40_K2\THR_15db_punish_(200.0, 0.5, 250.0)\N0_1e-10_INJERR_0.075_TXpower_1.0\eval_figures\four_values_metrics_test_L50_C500_INJ200.npz"
0.075,ROB,1.0,15,5000000,122559,0.0245118,2.45118,15.639982175827026,0.6399821758270257,18.71784612245,5000000,9.7365083694458,9.885931015014648,"MLP\M6_Ris40_K2\THR_15db_punish_(150.0, 1.0, 250.0)\N0_1e-10_INJERR_0.075_TXpower_1.0\eval_figures\four_values_metrics_test_L50_C500_INJ200.npz"
0.075,ROB,5.0,15,5000000,98100,0.01962,1.9619999999999997,15.837485694885254,0.8374856948852543,18.910996976630404,5000000,9.590204238891602,9.777564525604248,"MLP\M6_Ris40_K2\THR_15db_punish_(100.0, 5.0, 250.0)\N0_1e-10_INJERR_0.075_TXpower_1.0\eval_figures\four_values_metrics_test_L50_C500_INJ200.npz"
