method,penalty_weight,paired_setting,threshold_db,injection_variance,num_samples,violation_prob,violation_percent,q05_snr_db,q05_margin_db,mean_snr_db,metrics_path
REG,70.0,"REG=70, ROB=10",15,0.095,5000000,0.061625,6.1625,14.762204885482788,-0.23779511451721191,18.576901507279903,"MLP\M6_Ris40_K2\THR_15db_punish_(70.0, 10.0, 250.0)\N0_1e-10_INJERR_0.095_TXpower_1.0\eval_figures\four_values_metrics_test_L50_C500_INJ200.npz"
ROB,10.0,"REG=70, ROB=10",15,0.095,5000000,0.0214118,2.1411800000000003,15.848912239074707,0.848912239074707,19.23877349896496,"MLP\M6_Ris40_K2\THR_15db_punish_(70.0, 10.0, 250.0)\N0_1e-10_INJERR_0.095_TXpower_1.0\eval_figures\four_values_metrics_test_L50_C500_INJ200.npz"
REG,50.0,"REG=50, ROB=5",15,0.095,5000000,0.0631946,6.31946,14.72768006324768,-0.2723199367523197,18.603887786621474,"MLP\M6_Ris40_K2\THR_15db_punish_(50.0, 5.0, 250.0)\N0_1e-10_INJERR_0.095_TXpower_1.0\eval_figures\four_values_metrics_test_L50_C500_INJ200.npz"
ROB,5.0,"REG=50, ROB=5",15,0.095,5000000,0.0222782,2.2278200000000004,15.812729597091675,0.8127295970916748,19.225549089048275,"MLP\M6_Ris40_K2\THR_15db_punish_(50.0, 5.0, 250.0)\N0_1e-10_INJERR_0.095_TXpower_1.0\eval_figures\four_values_metrics_test_L50_C500_INJ200.npz"
REG,30.0,"REG=30, ROB=2",15,0.095,5000000,0.0701762,7.017619999999999,14.605487442016601,-0.3945125579833988,18.45190521471173,"MLP\M6_Ris40_K2\THR_15db_punish_(30.0, 2.0, 250.0)\N0_1e-10_INJERR_0.095_TXpower_1.0\eval_figures\four_values_metrics_test_L50_C500_INJ200.npz"
ROB,2.0,"REG=30, ROB=2",15,0.095,5000000,0.0253996,2.53996,15.680282402038575,0.6802824020385749,19.10333884219909,"MLP\M6_Ris40_K2\THR_15db_punish_(30.0, 2.0, 250.0)\N0_1e-10_INJERR_0.095_TXpower_1.0\eval_figures\four_values_metrics_test_L50_C500_INJ200.npz"
